Game_Id,Full_Text,Txt_char_lenght,Txt_Word_length
adunit-ihop-ihoppy-hour-no-offer-mpu,  IHopHop on in.   ,20,3
84327cf26d2a91e2730ae7ddbfca6d59,WIFE'S ,8,1
5dae3772408bcecb586bf62312c13838,ile NBEARABLE WEIGHT        | | A 7MH AWA sTO FEEL THE CAGE-SURGENCE ~ Xf,74,14
86782260310be394dce33ef91955a716,OvexusL/CERTIFIED BY LEXUSTAP THE SCREENto find the nearest Lexus dealership(iF,80,10
e7b3f462f7d1cc8dcaa9c076eaedd1a8,OvexusL/CERTIFIED BY LEXUSTAP THE SCREENto find the nearest Lexus dealership(iF,80,10
cd5de313101387fd9191cb03ef431ec9,OvexusL/CERTIFIED BY LEXUSTAP THE SCREENto find the nearest Lexus dealership(iF,80,10
bfeea6509482aeb0aaeed455fadb9c4e,"eB, PlayStation.DESLIZA HACIA ABAJO  ",38,4
5190d04e9abb3684a856257429894a5b,OvexusL/CERTIFIED BY LEXUSTAP THE SCREENto find the nearest Lexus dealership ,78,10
08b7a12a72fb5100b27197c39bab1b70,        BARDOUIN ,18,1
958fb9e4304628629f9848dee96ad338,wasUa aaa adHOLD1E PROTEGE,27,4
9b9f6e8145aad25f6548fb35775d7fb3,OvexusL/CERTIFIED BY LEXUSTAP THE SCREENto find the nearest Lexus dealership(iF,80,10
09b983781c78607d3e9348f231765ea1,Top Summer Offers7 iEEE e( um BV eeepele @ocadoEnds 30.08.22. Subject to availability. Geographicalrestrictions apply. Minimum spend £40 + delivery.Full T&Cs at ocado.com ,172,23
b16e25c480f043e4be7d8e011bfa5e95,"7AP THE BALL                      9 esA, COMPLETEMISSIONS & EARNREWARDS   WIN PRIZES &EXCLUSIVE VIPEXPERIENCES!JOIN US NOW",123,14
02d99db5aa9193b2bfc98ad6998e0ea7,OvexusL/CERTIFIED BY LEXUSTAP THE SCREENto find the nearest Lexus dealership ,78,10
95a9add1872e1666a9e413e18a15142b,alyTAP THE BALLCOMPLETEMISSIONS & EARNREWARDS      fr- @O:;WIN PRIZES &EXCLUSIVE VIP VjEXPERIENCES! A :€      ,111,13
9b2e41fdabcefdda0a86803e415a8c98,OvexusL/CERTIFIED BY LEXUSTAP THE SCREENto find the nearest Lexus dealership ,78,10
3c99774ddf5babcf91ae21f76e9f4508,sae RO) Bsyne eeZnBeyDe    Wire| oNPlt rN A LOOK Ny So,55,11
cc60737a3e2f6b713484916327764a5f,  NSO S VOCUSEaAnyAN EXCLUSIVEWIMBLEDON HAMPERIn Partnership with Sipsmith LEARN MORE   De Cocey Ne,100,13
5a051f7c0a58d5301f9953827218bc55,UTS ,5,1
86f213ed98d05c93c09fe2d0ded4dfe6, >)al the tapeeet.boTake Commandof Your Space.,47,6
d485045274821654173302dc5c7783c9,OvexusL/CERTIFIED BY LEXUSTAP THE SCREENto find the nearest Lexus dealership ,78,10
ec53b0973db5a35d83fd5bb009802bdb,FEDSeee  ,10,1
917250eb5213e41aa11f92282ec0b19a,Find out more ,15,3
7b5d17800096a3e27a5732fd7322fc37,ADD IT TO YOUR COLLECTION ONBLU-RAY “ano DIGITAL Jibs,54,9
424a4a0bfde5a836ed93394a8c099b17,OvexusL/CERTIFIED BY LEXUSTAP THE SCREENto find the nearest Lexus dealership ,78,10
8a662fbaa5f751bf677c50359f0716c2,OvexusL/CERTIFIED BY LEXUSTAP THE SCREENto find the nearest Lexus dealership ,78,10
89f522cf0adb2cc171321fb50abc9fc5,Van Cleef & aSwipe con to every    ,36,7
4e232e906e1e6a2b6cd8eedc467905f2, ,2,0
39d4594499ca9372338b51f71e0b6681,LG TO i) E aici} LG TON E FreeAR RE TBFP9 & FP8ASE ,52,13
0301a5865ecfd7c5a1653dde10a5aedf,OvexusL/CERTIFIED BY LEXUSTAP THE SCREENto find the nearest Lexus dealership ,78,10
7db3a9c286b1a445845bad68ff95f2bb,SHOT sad sin a] raeSWIPE UPFOR A FIRST LOOK AT SEASON 6,56,12
00508a6979fdd9c2e5f8c68bfefe5f71,OvexusL/CERTIFIED BY LEXUSTAP THE SCREENto find the nearest Lexus dealership ,78,10
6a3dbf08b82e45b3f3e79844f3a9aa18,,1,0
9e068e03269af51054a95146bdaf3d45, BeeUM a aes [easy,19,4
ccce5533b26203d07100376c394951a6,OvexusL/CERTIFIED BY LEXUSTAP THE SCREENto find the nearest Lexus dealership ,78,10
adunit-yamaha-x4-seonsory-plus-mpu,"SeRevsyourtea” Maximize your adventures with class-leadingcabin comfort, 4-seat versatility, and unmatched power ",114,12
3c35998c3f4a279a008ac3ffd8481fea, Tas i Tasor SWIPE Ras4 PROTEGE ed ue ,39,8
85d3838428307a4c8b16712bdc15330e,OvexusL/CERTIFIED BY LEXUSTAP THE SCREENto find the nearest Lexus dealership(iF,80,10
59f430cb4755fb8e77109dcc9c8fb888, & PaPave aVee mslEs LondonWINAN EXCLUSIVEWIMBLEDON HAMPERIn Partnership with Sipsmith LEARN MORE   De Xore TNA,112,15
f43220f51d51bba30046e637600bd773, ,2,0
adunit-ihop-window4-scary-face-mob,  IHOpYScary FacePancake Kids 12 & UnderGet One FREEOct 29 * 7Zam-10pmDine-in only    ,87,12
d6c5dcb42c617e8d164dafb4d302ac0a,OvexusL/CERTIFIED BY LEXUSTAP THE SCREENto find the nearest Lexus dealership ,78,10
44495dd7cc8acb29ea1392d6066c43d0, ,2,0
bae285cdb6a38209f32e9e0c5f0a69ce,OvexusL/CERTIFIED BY LEXUSTAP THE SCREENto find the nearest Lexus dealership(iF,80,10
69a95b2cae65b8457594ab519006920c, ,2,0
eb84457fc98f942bb27157e930794c61,OvexusL/CERTIFIED BY LEXUSTAP THE SCREENto find the nearest Lexus dealership(iF,80,10
5e3fbc83a60c730e234618fe5483800e,OvexusL/CERTIFIED BY LEXUSTAP THE SCREENto find the nearest Lexus dealership ,78,10
942616462420cb3890d00c65fc644e73, Ta es,7,2
28c88e21eaae4c3db86fe5a48ae9c7d5,5) East |   Seabee oepC LSS eleCancel Photopr aT ,50,9
4342ea931e3e9ae5c51aed541a61465d,   ,4,0
8f5834e2093bee23d3b01f8d05265765, PMT el chySPRIES PREUIERSRetour wow UTE,41,6
8968a702d64524827de2ccf55c802d6c,OvexusL/CERTIFIED BY LEXUSTAP THE SCREENto find the nearest Lexus dealership ,78,10
c47fa6c0b4462b654c222e2f4be62b3d,OvexusL/CERTIFIED BY LEXUSTAP THE SCREENto find the nearest Lexus dealership(iF,80,10
c911bb936656e056779e31c273417b46,OvexusL/CERTIFIED BY LEXUSTAP THE SCREENto find the nearest Lexus dealership ,78,10
80399f92f8970d3bc8b26af690768c15,OvexusL/CERTIFIED BY LEXUSTAP THE SCREENto find the nearest Lexus dealership ,78,10
ecc6562c52ea0a03f794e7cec023bd0b,VRAGTo STARTvem GREAKFAST  ut milk? Se,39,6
782fd6ca8cf0483d38a3d685a9cdb536,KALL POINTS NORTH LODGEto find your way forwardwith All Points North Lodge ,76,12
596052151e9fd6031a05ed88473b7445,OvexusL/CERTIFIED BY LEXUSTAP THE SCREENto find the nearest Lexus dealership(iF,80,10
f16751048b64354c30b034c44981225f,OvexusL/CERTIFIED BY LEXUSTAP THE SCREENto find the nearest Lexus dealership(iF,80,10
44c8e52abc427a52c487122232409f5d,OvexusL/CERTIFIED BY LEXUSTAP THE SCREENto find the nearest Lexus dealership ,78,10
08fc9a9f04de967fe87c5061c32d3b84,     ee,8,1
f6525e69f4bbebe1b522d463080006ce,"Van Cleef & ArpelsHaute Joaillerie, place Vend6me since 1906<>SWIPE TO DISCOVER ",81,11
267aa12df20c85a8c215e3d6f7a74879, SWIPE LEFTjasc iil ttesmccRw ,31,4
f0a8b52312fce8d57f34bc6441dea750,eaeRg ae baTHISa ,18,3
99bcf45376c5182e77af6b40ccfa2d3b,iI idTO SEE‘HIT MONKEYGET HIS REVENGEORIGINAL SERIESNOW STREAMING ONLY ONhulu» |,81,11
e0c8ecc4ba1bc299fb4e43f6faccffb9,OvexusL/CERTIFIED BY LEXUSTAP THE SCREENto find the nearest Lexus dealership(iF,80,10
3f8bf51e4f82aeecc825c4b2a12d92a7,THEBOTANIST  %°ISLAY DRY GIN ,30,4
2a7069f1ccdc33dd1f7a200e3026b4ad,sae RO) Bsyne eeZnBeyDe    Wire| oNPlt rN A LOOK Ny So,55,11
a19b99c57ec298782b9fbcdde83b9734,OvexusL/CERTIFIED BY LEXUSTAP THE SCREENto find the nearest Lexus dealership(iF,80,10
adunit-ihop-ihoppy-hour-save-dollar-5-mpu,  IHOPSAVE S§on orders over $254-10pm only  ,45,6
e437bb1946e346784d613ce6feba7203,OvexusL/CERTIFIED BY LEXUSTAP THE SCREENto find the nearest Lexus dealership(iF,80,10
44799b510c8a525e9baaa4729e200efa,y TAKE AE UEE VO| THE UN AASVEN©TAP & HOLD         USS)Secunia)eeeSTART YOUR JOURNEY :   ,90,14
ca1d489a0c1849845cb7144e51b0a7a1,A ,3,1
b4d26946d68754d77027cc419d36892f,)evs YourHearl’TAP TO RESERVEyour Wolverine RMAX2 1000for your next off-road adventure ,88,11
adunit-yamaha-x2-seonsory-plus-mob,)evs Your Heart!” Max power and capability meetsultimate style and comfort withbest-in-class power deliveryRESERVE YOURS,121,15
ddef3dc6e16e17bb53b7ba66a400308b,OvexusL/CERTIFIED BY LEXUSTAP THE SCREENto find the nearest Lexus dealership(iF,80,10
27b8aecd5c4b58ddcfc56270e9944d81,OvexusL/CERTIFIED BY LEXUSTAP THE SCREENto find the nearest Lexus dealership ,78,10
ba9ca629a79e79a0b652b5b275ecd5e1,SeCEST aL Max power and capability meetsultimatestyle and comfort withbest-in-class power delivery ,100,12
3faf6a6e515ee4a3d08934b3e93a4a9e,"THE , ! jpl Lsbele [Uetam Aas",30,7
c6ce1941383baf5a5cbfa7cfbb89dbc2, ,2,0
06c1d5086fb91fd2e62f4c5e29e2759c,OvexusL/CERTIFIED BY LEXUSTAP THE SCREENto find the nearest Lexus dealership(iF,80,10
c8fc9c5e6ec515c610c73f772ed5d3a4,OvexusL/CERTIFIED BY LEXUSTAP THE SCREENto find the nearest Lexus dealership(iF,80,10
623735c2b4b2d78c61e08073dbaa352d,OvexusL/CERTIFIED BY LEXUSTAP THE SCREENto find the nearest Lexus dealership ,78,10
3ec1bd3422d0512c1fa1c06b7277df65,OvexusL/CERTIFIED BY LEXUSTAP THE SCREENto find the nearest Lexus dealership(iF,80,10
9ecf3c519703026495d4f82df8bb2388,UT #y ,7,2
3ff8db0779a25d3a9b92aebfb0eebe69,OvexusL/CERTIFIED BY LEXUSTAP THE SCREENto find the nearest Lexus dealership(iF,80,10
bb8342d60fc04fb8c4fcfdbc3025f4d9,,1,0
5b4d2cc82bf11b1fa80b366fdd7a5867,<@ YAMAHACAZS Yai LL ae =       7 Vyé J 2D))»)O\ —. —[eetr e- aVeto reserve your nextYamaha Super Sport YZF-R7 ,112,20
d706afba427123c30ffafb88d5486e03,OvexusL/CERTIFIED BY LEXUSTAP THE SCREENto find the nearest Lexus dealership(iF,80,10
07a8072d594af3c04ef47e8722fc1b38,OvexusL/CERTIFIED BY LEXUSTAP THE SCREENto find the nearest Lexus dealership ,78,10
adunit-engagementplus-ihop-mob,"    IHOp uesAKHOUS| ern OCS 1.99""neem ke Gashoonto a&tet! gombo$1 49 breakfast comboStart Your Order   ",104,14
4c3bb41d4f40f39842b7b8d3f536366a,‘Subscription required for Apple TV+,37,5
4febb144783cbf0059748799ed8b4945, CANSWIPE UPTO SEE HOW DREAMS BECOME DESTINY ,46,7
94bc1e8d137186644fa3baa53185a331, TAP AND HOLDee is eeeMATURE OF THE MOONaemoon rFALEL ,55,9
404c5d32b088d0869fd7774ce7582f89,4 aPeeLaeee it ieee oa SET Cd 1 |eCOMERS ERS ae ey ,52,12
c76677bf8d4e0e0d6267a8c097957e92, brattyere ass)NOW STREAMING ONLY ON h 8 | 14,46,9
8c07f1799c55b47a5cf24d50fd771668, * An Apple Original Film an iej IE) MNfA a(ole) a& savesStart WatchingiG: Ea,78,14
8fa19496d906812e1f44a983d347ee63, ,2,0
9f157ba406572210d000f1478e8e656c, Holds Strongly.Comes off Cleanly.y,36,4
42b246e4d3bf68de81ab0262a2f05691,OvexusL/CERTIFIED BY LEXUSTAP THE SCREENto find the nearest Lexus dealership ,78,10
73adaebd0fbf7778d06d9d711ba5c152, CANSWIPE UPTO SEE HOW DREAMS BECOME DESTINY ,46,7
053e01474c777e16d2ac04c884685457,Procure o lugar mais proximopara se vacinar contra a COVID-19Pa Tey Ver Lt)NA SAUDEsun VACIN A Saiba Mais ,107,18
74ca5c4df0e45247e224523c26d7ebf3,"simple feastTAP & HOLD THE SCREENto start feasting with locally sourced,plant-based meal kits ",95,13
9afba90addb72bcdbab265b3492540e1, SWIPE LEFTjasc iil ttesmccRw ,31,4
3c8eed5eead83f9798db8c24578d7a19,OvexusL/CERTIFIED BY LEXUSTAP THE SCREENto find the nearest Lexus dealership(iF,80,10
adunit-windows3-2021-mpu,  WEPRIGHT ABOUT NOWWe couldFy) Uy aePEE CSFind an IHOP Near You  ,67,11
c741653e8c326e65480df0732efe96df,   Find out more,17,3
4c0bb312924b2faa49f1eb556a5377ec,OvexusL/CERTIFIED BY LEXUSTAP THE SCREENto find the nearest Lexus dealership ,78,10
b22916b05fb1e90b8b8d33812483022c,OvexusL/CERTIFIED BY LEXUSTAP THE SCREENto find the nearest Lexus dealership ,78,10
5bc607274e363f0c1a9379e05075dcfc,OvexusL/CERTIFIED BY LEXUSTAP THE SCREENto find the nearest Lexus dealership(iF,80,10
b8d87efae84799bd340ce653954a11b1,MesPORTUGIESERYACHT CLUB MOON & TIDE> DISCOVER MOREIWCSCHAFFHAUSEN ,68,7
d37f1a5e7d90e81756244e1bff3141bc,ile NBEARABLE WEIGHT        | | A 7MH AWA sTO FEEL THE CAGE-SURGENCE ~ Xf,74,14
64cfdaacd77f39b88f90210e79800a8b,OvexusL/CERTIFIED BY LEXUSTAP THE SCREENto find the nearest Lexus dealership ,78,10
cb1ae642e1bdcec602d24344d5d927b5,HERMES ,8,1
2a355ca0d306921e195591e5b2374b6a, Tas i Tasor SWIPE Ras4 PROTEGE ed ue ,39,8
3ba7994ec2ea0b953b57457bd25ac857,OvexusL/CERTIFIED BY LEXUSTAP THE SCREENto find the nearest Lexus dealership(iF,80,10
4b21d71efe295df873a1d907932dae72,AMERICAN UNDERDOGSWIPE UPSOR aaa ,34,4
295e3365c5ed156b3ae4c8f3194add31,IM Velev isanM| Sista ,23,4
4e262fac1ce05ff65d581d668fc54e86,OvexusL/CERTIFIED BY LEXUSTAP THE SCREENto find the nearest Lexus dealership ,78,10
39825c2c74eae1fd9c73da842617d2da,"Standard @&Chartered &QWin up to$$1,000 Cashback*with Standard Chartered Credit Cardsoe       3“.,Register nowSMS XMAS20 to 77222*Terms and conditions apply. Don’t have our card?Apply online atsc.com/sg/cards today. vi  ",221,26
d6875bfe73a3abc7eea25b7de121c643,iALL POINTS NORTH LODGE,24,4
d48b2247fce73617dab5633187c02360,at. ProvidenceWe see the life in you. Swipe Left °to see what inspires usto deliver world-classhealth care   ,110,17
b285c9ac9aa1669a7350e4c4594ea571,OvexusL/CERTIFIED BY LEXUSTAP THE SCREENto find the nearest Lexus dealership ,78,10
b378c281edcaebfbe47a3104fdc2e036, LEXUS ALL-WHEEL DRIVENOW AVAILABLE ATYOUR DENVER DEALERSHIP.BUILD YOUR LEXUS,78,9
98db637879a2eee67d49dd05b4a92d83,OvexusL/CERTIFIED BY LEXUSTAP THE SCREENto find the nearest Lexus dealership ,78,10
5aa8f1a6f90157b937cac6e73006a2dc, ,2,0
427bf316b866d8b20a30866426c66e09,"uyZea :4 o # ee gtTa i Se2 hs aOe ,, aBoe FREE—sNe aa e) *T&Cs. apply. ORDER a",79,19
8932a4d6d34de7718182c18cc30779e8,OvexusL/CERTIFIED BY LEXUSTAP THE SCREENto find the nearest Lexus dealership(iF,80,10
82c919a29087bad5dbedb9b64247e6d6, SPORT AD VEN TURE LEVELED upWOLVERINE RMAX2 1000 SPORTipl rE) MGV datay eetcma” ha,84,14
255bb50bf3493e1a85c9289c52610e31,J=4ao=a ,9,1
7ff33d15bd3e7d73cede0691a393c288,OvexusL/CERTIFIED BY LEXUSTAP THE SCREENto find the nearest Lexus dealership(iF,80,10
c7ecd71b4632aea2ffca69a1d079b290,%~SWIPE UP TO SEE THE PROTEGE IN ACTION  nae  ,47,9
f701e15a157e1418704c2b18a13fb471, TAP AND HOLDee is eeeMATURE OF THE MOONaemoon rFALEL ,55,9
adunit-engagement-plus-ihop-evergreen-olo-drag-left-mob,"}lHOP NGOIt’s chilly.Cozy up to somepancakes.20% off your first onlineorder, no minimumUse code: lIHOP20GHOP NGONTR Cane con A ml TO LTuaTo em oeUmCONCO STAM O UITaToM OCOD RS CoM Uren Un)Website or mobile app only. At participating restaurants. Restrictions apply.©2020 IHOP Restaurants LLC ",293,43
42c5b4b367187c29ac8fdd78c70837d6,xFIND THE PERFECT HOLIDAY GIFTASWIPE UP TO DISCOVER*,53,8
032c21ac0d52d23f683dc4c2b7388865,sohetelcts Investors   MRIarte peeeinaeteelmer la)ee eaytackle with responsible& First Sentier  ee MCFPont OES MISE OM eLUSAU EIEN eS CECT ACL Na eS CmLa lsat lage os i LicaLeese We lessDie esos toa ai Be Ae 1 CUI RO RSI Nice   ,229,40
65fb17277b3fbfe200f6ac90f0717c48,OvexusL/CERTIFIED BY LEXUSTAP THE SCREENto find the nearest Lexus dealership(iF,80,10
be3f931b8039ef187f1dcfa3d488c041, ,2,0
3ebf3ba9b654b8281c7b45e65133986f,OvexusL/CERTIFIED BY LEXUSTAP THE SCREENto find the nearest Lexus dealership(iF,80,10
eb641577b39bf60665e3130ac0d4e301,Ea ep UPAsae |ies tea“eB Soar        ee eo .ee Schroders,57,10
4df8be2d1f001c08abee098975068323, ,2,0
b34d551e23ad7ce5a494453bcc409ccc,OvexusL/CERTIFIED BY LEXUSTAP THE SCREENto find the nearest Lexus dealership(iF,80,10
f52568446cd557df708c44efb668789c, ,2,0
4008b0311b08183a8e6d7d6d01cea464, CHANEL,8,1
8388c02100992a33a5a08e1e6dbe6204,OvexusL/CERTIFIED BY LEXUSTAP THE SCREENto find the nearest Lexus dealership(iF,80,10
c823124ca76c00a9d3b79380e5bdfd29,     — ae=rad = .UE LA PANTALLACtracer aspara comprar |dvéenta de mitad de afio dé PlayStation ,96,15
0814384db6d5dac4b55e781d99eeb4cb,OvexusL/CERTIFIED BY LEXUSTAP THE SCREENto find the nearest Lexus dealership(iF,80,10
b2504a570b6274172b6bd9558118f772,OvexusL/CERTIFIED BY LEXUSTAP THE SCREENto find the nearest Lexus dealership ,78,10
085e477e7aa74fc3a222bcb4385000be,OvexusL/CERTIFIED BY LEXUSTAP THE SCREENto find the nearest Lexus dealership(iF,80,10
698aa039cb003c1773b68cf89ab37096,"Green |2, MountainEnergy’Use 100% clean energyto power playtinge ",66,8
676e0507f9e1ed8fa6880eafcf91547b,OvexusL/CERTIFIED BY LEXUSTAP THE SCREENto find the nearest Lexus dealership ,78,10
cc6c33bd4409ded3155793811af5c72b,OvexusL/CERTIFIED BY LEXUSTAP THE SCREENto find the nearest Lexus dealership ,78,10
b8595cc38764f2c30d986c4c8080671c,GS_—‘iO im) =PARA LOS MEJORES PRECIOS    ,42,6
727b84106211a421a6d6925655a4ff17,OvexusL/CERTIFIED BY LEXUSTAP THE SCREENto find the nearest Lexus dealership ,78,10
2524439faeafa1c2ca1a27cac00a97b1, TO SEE THE REALNATURE OF THE MOONTAP AND HOLD %i -0 0 -p Fe —f-t t ,69,16
ecc8e6a50a509f8b6a8ac7c3c1a450e7,OvexusL/CERTIFIED BY LEXUSTAP THE SCREENto find the nearest Lexus dealership ,78,10
032ecd4e7d6db78058878d0ac61a82dc, 1sMotil YFACEDHave you ever discoveredcomfort without compromise?SHOP NOW,75,8
59e7b509d984f3a5b13fb8a33e0f6c2d,   LttPeas}NOW STREAMING ONLY ON a) U | Le)eer,47,8
8b6e13cab4903dffde5588ea2ab0c2a2,OvexusL/CERTIFIED BY LEXUSTAP THE SCREENto find the nearest Lexus dealership ,78,10
00dfe88c4d3fb60793765d314bf24b7c,,1,0
b6519446fad0a84445faf9620f0fa02e,OvexusL/CERTIFIED BY LEXUSTAP THE SCREENto find the nearest Lexus dealership ,78,10
77cb39bbc869bdf0db280ec15a15280f,OvexusL/CERTIFIED BY LEXUSTAP THE SCREENto find the nearest Lexus dealership(iF,80,10
29f4c491737ce1cd367ff019e7b2ccb7,~ standardchartered Get an Apple AirPods ProCelta STAD Nia Tab oleapply for a BonusSaveraccount nowFind out more,113,17
9415d4728381f961a8d6bd7c57142ab7,  INTRODUCINGRALPH LAURENTHE STIRRUP EYEWEAR COLLECTION TAP TO PLAYAND DISCOVER THE STIRRUPEYEWEAR COLLECTION  ,112,12
243e1d1c834bb95798ff4e1db49950a3,Van Cleef & Arpels ,20,4
c8a1bbadb8931aee1d1438ae9962814e, * An Apple Original Film an iej IE) MNfA a(ole) a& savesStart WatchingiG: Ea,78,14
281ca748ff2f73232baa2a2d98041a63, TAP TO RESERVEST eM Ma ace ee Pomefor your next off-road Pontia ,66,12
4e3305a488faf871189cce9831a6c863,    ETT es4 rate. “et Sm etVvVvBeFOR THE NEWEST EMERGENCIES,60,9
6de62384e53319712bf7910e4db4e189,MesPORTUGIESERYACHT CLUB MOON & TIDE> DISCOVER MOREIWCSCHAFFHAUSEN ,68,7
3d8be6f0a1e1c248a02befc0dd3f6bec, ,2,0
097b04b65ad1608a869f2fb08909a612, ya Eryt,9,2
62dca5e1826d627612856c463e98026f,SCRUB THE SCREENto reveal the IWC PortugieservIWCSCHAFFHAUSEN,62,7
6b7ddb8af0b0d4b5e042ac9469300177,OvexusL/CERTIFIED BY LEXUSTAP THE SCREENto find the nearest Lexus dealership(iF,80,10
b68baf66405783b70a2141860cb15adc,OvexusL/CERTIFIED BY LEXUSTAP THE SCREENto find the nearest Lexus dealership(iF,80,10
94ed9dbaf0a8f0a64d4e04a3b1d9431a,OvexusL/CERTIFIED BY LEXUSTAP THE SCREENto find the nearest Lexus dealership ,78,10
4247849793e2e0d3082ee5151a7e9416,SAMSUNGGalaxy Z Fold3 5GRees ,30,4
ee5f0e9c4a1296a30944be613ab2028c,Waa Deak) ORDER NOW,20,4
2443bd3b890824acecbe32659b9a1246, ,2,0
de9c6db1311c86407f28feced87dc46b,      way’ @(NUE?3  EXTREMELYMAC & CHEESY BEEFEXTREMELYMAC & CHEESY CHICKENLEARN MORE,86,10
ee8ae60b2e46e44da79fb7e59b07eae4,%~SWIPE UP TO SEE THE PROTEGE IN ACTION  nae  ,47,9
b58595e2670fde268a1c6dc7b9fc8ba3,   PM Te) el arenSPRIES PREUIERSRetour woo UTE,47,7
43a29939d9ac51d99f5e3b4822914efe,,1,0
d53d09dbd8f7aad4bfab4acb84aa323a,OvexusL/CERTIFIED BY LEXUSTAP THE SCREENto find the nearest Lexus dealership(iF,80,10
42dd2154c1b6f67a461463cf322c9830,at. ProvidenceWe see the life in you. Swipe Left °to see what inspires usto deliver world-classhealth care   ,110,17
95585c17779c722e67067c189cf15d63,OvexusL/CERTIFIED BY LEXUSTAP THE SCREENto find the nearest Lexus dealership ,78,10
c154ec796ae46371d8bc35744ee47b0e,AMERICAN UNDERDOGSWIPE UPSOR aaa ,34,4
b7aa3693292fc7cf17f4fc1da680bf5d,OvexusL/CERTIFIED BY LEXUSTAP THE SCREENto find the nearest Lexus dealership(iF,80,10
d7c5bf54f39eb745b553d06813cffb23, LEXUS ALL-WHEEL DRIVENOW AVAILABLE ATYOUR DENVER DEALERSHIP.BUILD YOUR LEXUS,78,9
c0ccae16df156f9744c8c74e252ad00b,     ,6,0
b2174dea77ef62674fa5d51c84359984, ,2,0
6649faf7aaae3caa5ac3de30b5ac4829,OvexusL/CERTIFIED BY LEXUSTAP THE SCREENto find the nearest Lexus dealership ,78,10
015efcdd8de3698ffc4dad6dabd6664a,OFFBLAKGENERATION TSubscribe toTaster Pack Combo todayand get 50% OFF!SHOP NOW ,80,10
0736dda52dd3ef12dc4f82fb51b1becd," ls0c0 (© 2022 SONY INTERTACTIVEENTERTAMMNET LLC PROMOCION VALIDA DEL 23 DE MAYO AL‘06 DETUNIO G HASTA TERMINAREL STOCK EN LAS TIENDAS PARTICIPANTES. LAs PROMOCIONES LAS CONDICIONES DE PAGO PUEDEN VARIAR POR TIENDA, IMAGENES DE REFERENGIA,Las oFeRTAS PUEDEN CAMBIARSIN PREWIO AVISO LOS JUEGOS SON PROPIEDAD DE SUS RESPECTIVOS DUEROS.",334,48
88d9068b2d0ea2492b160a2e028d3429,OvexusL/CERTIFIED BY LEXUSTAP THE SCREENto find the nearest Lexus dealership ,78,10
3ba594c8b6a2376bc1013a0d13b83200,to find a HAIR EXPERT near you eePra,37,8
b42473e8fdb0b3d6ea798f4118ef23aa,     ,6,0
0692cec4544cb0287225a7bccebc916b, ,2,0
28a291ca9f966fdc0e1bc917c019aced,OvexusL/CERTIFIED BY LEXUSTAP THE SCREENto find the nearest Lexus dealership(iF,80,10
600c1fdc6860cf16358e00cc238a42f6,GUCCIOuverture Of SomethingThat Never EndedaNSwipe up to discover,66,8
40735b62ef7f9da459b39d173ee56ac3,"Destination: —«__ ad. ’Hydration iIt’s time to | \go and glow!OoFREE GIFT | wor= £62       Receive this free gift when youbuy two Skincare products at ourClinique Airport counter.*pte Taio)“T&Cs apply, one per customer",219,33
91aa41c408ad4ff2e688c58c5ffe4e93, ,2,0
c94556717fc1d3783d27f51ae1b5350e,CAPITALGROUP”cos]  lyreTRERARNEReee tOCMOS eR) Ab Ge Sohbet eu) ,65,8
adunit-yamaha-x4-seonsory-plus-mob,"GECEB Uma Maximize your adventures withclass-leading cabin comfort, 4-seatversatility, and unmatched power",107,12
002dbbd85ef3fe6a2e7d0754fb9f9a1a,,1,0
c3ef76ea758ea5442c9540463c5d37f3, ,2,0
ed3071a667a11cc56e88ae0489bfe6aa,CR rR CRC ne OCR a ectedMICHAEL KEATON = MAGGIEQ ano SAMUEL L. JACKSON ,72,14
677e3e6c41c26d12647a0deb0a58c758,       vAn Apple Original FilmLaI Eean i@tv+re une aes,55,8
edd62a365ff46ae8c2e7a88dcb48ba56, ,2,0
e5c648e39c7860bf0e70f4b02ecafbdf,OvexusL/CERTIFIED BY LEXUSTAP THE SCREENto find the nearest Lexus dealership ,78,10
5a48ffcbf611f167ecbb884e807f31f6,OvexusL/CERTIFIED BY LEXUSTAP THE SCREENto find the nearest Lexus dealership ,78,10
d63a7966d398d4dd0778d268d17fd2aa,OvexusL/CERTIFIED BY LEXUSTAP THE SCREENto find the nearest Lexus dealership(iF,80,10
c9790ca6d49dfc3f245db91d3b62c56d, “TOQUE LA PANTALLA ©para comprarlaventade § /mitad de ano de PlayStation,74,11
9a09184e03a21be85b165f66d6d1c121,  RALPH LAURENTHE STIRRUP EYEWEAR COLLECTION A NEW ERA OF ELEGANCE IS REVEALEDIN THE SITRRUP EYEWEAR COLLECTIONFROM RALPH LAURENP NOWAT RALPHLAUREN.COM  ,154,20
c4b651056516bc245b6b0dd78c2b192c, TAP AND HOLDee is eeeMATURE OF THE MOONaemoon rFALEL ,55,9
61dff450d1f6264618e7532f9e6c21dd,OvexusL/CERTIFIED BY LEXUSTAP THE SCREENto find the nearest Lexus dealership ,78,10
74fb31e6b022b403306f12d715053717,ERGs ee os 2?Rd gris i Fic MAASA stPreeewsome  Eh oi=~ IrAs caoA ,66,13
3e46da2a3160460b9be21da8ea0ce68e, Fa1007 PURENEW ZEALAND,24,3
0716aeb4425d2865ea9b1996ef4f90fe,CaresGiving Week1-7Dec 2021,28,3
5c6befcf9b28fadcedb2430c0800f433, ,2,0
7a6ba94986ecc183914a48eed61ebda7,avd tele) aeaust se  ,22,4
92c16abb4f96ac15f03501d3d4fbda05,OvexusL/CERTIFIED BY LEXUSTAP THE SCREENto find the nearest Lexus dealership ,78,10
f08d8e575fa2c9929dfaf2d1bfa553a2,    HASRAIBRRER(RSMAGNAMMHE  DAARAR- AMSA!A BRA) HE © ,55,6
ae98b1f2a6ca87429bb43d29df7c682a,a LN GEORGEUs SLREVENGE GOES PRIMAL eg AVEhuluOoms ts waren reeNV aE Aen nal a) U | LE waren trancenoe,103,20
4ad96fa279384268e72374aaacb78caf,OvexusL/CERTIFIED BY LEXUSTAP THE SCREENto find the nearest Lexus dealership(iF,80,10
2561bbefebc84dc200ca14d63b221d55,  ,3,0
637244e2ca7b57187bd1b563a5b85846,OvexusL/CERTIFIED BY LEXUSTAP THE SCREENto find the nearest Lexus dealership(iF,80,10
61eb910425767fd90074a958328bee6a,OvexusL/CERTIFIED BY LEXUSTAP THE SCREENto find the nearest Lexus dealership ,78,10
db671d7ebafdc3b7259109fbc18eaac9,OvexusL/CERTIFIED BY LEXUSTAP THE SCREENto find the nearest Lexus dealership ,78,10
e1ebbff8accc9d16ea82e3b8a6636d70,   CATALOGO DE JUEGOSDescubre cientos de increibles juegos   +15 | JADULTOSaNos_| [+18 ANos|     ,98,12
050fd94fd028e2b766dcbfa5a9586d2c, ,2,0
d2210530c4400ba1eaf5f712b646e7e6,OvexusL/CERTIFIED BY LEXUSTAP THE SCREENto find the nearest Lexus dealership ,78,10
d982317438736aac9cb37b3e66a2f555,,1,0
a1a3485dee81692a3ea64143aa51e90f,FEDSeee  ,10,1
21d4924d608d1258ea35a53b314660bc, ,2,0
437ff18f66a2e2351c45582104ec8b65,OvexusL/CERTIFIED BY LEXUSTAP THE SCREENto find the nearest Lexus dealership ,78,10
55775796ac3c2a0fd0fde4cae6048827,UTS ,5,1
8f3f46fa6a0accfd8b4563f2e35aaba5,aN<& PlayStation.Store ,24,2
cafcf13bef3457ebed7e08e02fa49252,Van Cleef & Arpelsee en ep eo ort Gee eeBae A journey through the Poetry of TimeTAP TO DISCOVER,96,19
f7f9e79ae3506b8c75810cae2ce276e7,aA fevera do chacom |2 ee iescincla. do gas © 5 ,49,11
23fb8e9094b55306b08f7157c4b5ec43, TO SEE THE REALNATURE OF THE MOONTAP AND HOLD %i -0 0 -p Fe —f-t t ,69,16
b50d6442906a8362508d2a97bb9ba01e,AMERICAN UNDERDOGSWIPE UPSOR aaa ,34,4
f38dae81fae6d60408100503e4661ac6,OvexusL/CERTIFIED BY LEXUSTAP THE SCREENto find the nearest Lexus dealership ,78,10
99558df7a3e64e9b15c34c20f44f038a,||    EmaTooo™@©2022 MLBPuswco | Pattie eects eae ems   ,57,8
e17b6db0e4fb777ab569ef0a81b5000e,    SPACES OBESP uaag yZE   LEARN MORE    ,43,6
fbdd6f2bc08bfb43725cd6b4c52907ea,OvexusL/CERTIFIED BY LEXUSTAP THE SCREENto find the nearest Lexus dealership ,78,10
255d22983f0277734d8063562fad31b7,CR rR CRC ne OCR a ectedMICHAEL KEATON = MAGGIEQ ano SAMUEL L. JACKSON ,72,14
45390f174ef85b574d3b81a0f5c1bab0,PEE TR i eaPTE nn me  ,23,6
adunit-ihop-window4-reeses-mob, IHOpREESE’SPIECESPancakesThis Halloween season at IHOPTreat yourself  ,72,6
76fe8ed6d5462ff2cc0ee750d2221a52,LTH ,5,1
03c532904ec03423c5e30463a62401a5,A 220)pees am (8) a a Odie ey) ALS ,36,9
f1cc75828bb3b7419b0d210e971a7cdf,_ UOBett Boye QUTyou PayNow!Merely A LUD OAM Nae)Broeyire aioli) e MAU ALi taeabncarone]      Bills paid viaPayNow UEN ,120,18
73bfd5e041e99938ca1ef8b1e2355e02,AMERICAN UNDERDOGSWIPE UPSOR aaa ,34,4
22c8ca74c84370214de628417aff20d6,PRIA FA GsBHIZSRITOR A BydalaBeon ea ae Gee ee aBES AMR MAA:RR: Dene eas nee |,79,16
4799763419d621cd41e7fb8abbcdd45d,OvexusL/CERTIFIED BY LEXUSTAP THE SCREENto find the nearest Lexus dealership ,78,10
9e45326648ea56b095dfe34466ce6018,OvexusSCRUB THEICETO DISCOVERTHE POWEROF ALL-WHEEL DRIVE. ,59,6
3bc6564698bdf9559b98b255737bbedb,OvexusL/CERTIFIED BY LEXUSTAP THE SCREENto find the nearest Lexus dealership(iF,80,10
7f25293ac6d5c570749cea2af84e8439,OvexusL/CERTIFIED BY LEXUSTAP THE SCREENto find the nearest Lexus dealership ,78,10
67169407f4dd5762a97f973e82e550bd,DISCOVER A WORLD OFFUN AT WIMBLEDON’SVIRTUAL HILL!JOIN US NOW ,63,9
79a672060e901ce418230c3959619cca,FyTOCA LA PANTALLAegos increibles    ,38,4
07f3a0ee847117a81ff9183befca007a, ,2,0
adunit-ihop-ihoppy-hour-save-dollar-5-mob,"  IHOPear,SAVE S§on orders over $254-10pm only Dine-in only. Requires coupon. See coupon for terms and conditions.  ",117,16
0383071848070b93a8a9f0c82c06e5e4,OvexusL/CERTIFIED BY LEXUSTAP THE SCREENto find the nearest Lexus dealership(iF,80,10
9278a3d31c76eaa929d2326e1b2062e1,Discoverfreshincome streams© Learn more Manulife Investment Management,71,7
77af46ea55c251a18213104bd760d1d2,TOCA LA PANTALLApara descubrir juegos increiblesAprende mas ,61,7
f95ed1b647ad098a3738f1b58142decd,OvexusL/CERTIFIED BY LEXUSTAP THE SCREENto find the nearest Lexus dealership(iF,80,10
29df3928b70391dec741b20782beeefc, ,2,0
8bf41e73b0b48e4bc86fba470d3af1a8,OvexusL/CERTIFIED BY LEXUSTAP THE SCREENto find the nearest Lexus dealership ,78,10
2b7e702f208b7fd60d15d0bdadd269f4,  yz Pe nN HONG KONGPay. seas ea oO INUED) ey et),50,11
c9ec2d041cd03c489b2ee97c5f7ba400,OvexusL/CERTIFIED BY LEXUSTAP THE SCREENto find the nearest Lexus dealership(iF,80,10
8578176a5460d41edddd1440ab46e564,EeRevs yourHeatTAP TO RESERVEyour Wolverine RMAX2 1000for your next off-road adventureCaS aed ,95,12
26877a2094850375ec053651dd7aa4ea,Taek)DOT   Discover at our Duty Free:Only intended for adult smokers.,70,10
df91c37d7078b8b406deaea243bb3746,‘Subscription required for Apple TV+,37,5
3bc12d2bdea947d4502e885b6d9aa442, ,2,0
3c741855acd9576b4e311d5cd990ae77,OvexusL/CERTIFIED BY LEXUSTAP THE SCREENto find the nearest Lexus dealership ,78,10
0978cddd7a740a70fa0ac73fb6603aee, erIR PIS ET i |eee a PRC aE eBWAR SC MOVED BU eaEexv@ iS 13 38 ft EasyWallet,78,18
24f58a2b0bfefefd5ccc43bf1f664685, ,2,0
034c0fa142311896c1b1b6900487d2fb,OvexusL/CERTIFIED BY LEXUSTAP THE SCREENto find the nearest Lexus dealership(iF,80,10
251daf76d78711e74c9b441f4bb62834, ,2,0
2842f18b64fb7ac0661021da97de0def,amazoniinee)MifGaT aa AST S ara HTT A wer Gat ikea & SSAret,60,12
adunit-engagementplus-ihop-mpu,  HopTFEAKHOUSEpREMIUmBACON= $1.49SF aa to add to any. breakfast b<> reakfast comboStart Your Order  ,102,13
3bf22f2c7f71986b690dc922cb0bee1f,     DISCOVER MORE,19,2
46a614be24dc2639baeb3a4887dfee2f,OvexusL/CERTIFIED BY LEXUSTAP THE SCREENto find the nearest Lexus dealership ,78,10
e08fda6d23b50ed0e9ec2fed06e21518,a—___THE ALL-NEWSCALA ANDKAMIQ.NOW IN SINGAPORE.a——SKODA,57,5
6ae22e38b45ebb28b3202d7cf8515ce4,OvexusL/CERTIFIED BY LEXUSTAP THE SCREENto find the nearest Lexus dealership ,78,10
68c78af778382e3e80ba98d676dd8527,OvexusL/CERTIFIED BY LEXUSTAP THE SCREENto find the nearest Lexus dealership ,78,10
adunit-ihop-ihoppy-hour-mpu,"  IHOPIHOPPYHOUR$6 Menu($5 in some locations)2-10PM Every dayFind Nearest LocationFor limited time. Hous of and price, patticipation and selTax and gratuity excluded Not valid with other discounts, coupons or offers. riceHawa, PEPSI and the Peps lobe are registered trademarks of Peps             ",298,40
e68e20f592457b875ce29757ab855dfe,OvexusL/CERTIFIED BY LEXUSTAP THE SCREENto find the nearest Lexus dealership ,78,10
ddc12737f9718263bfb0f54843da0478,     TOQUEPARA VERAVANGAR E MELHORARA VIDA DAS PESSOAS,55,7
ff88446626571f68e23c4b07063fd806,OvexusSCRUB THEICETO DISCOVERTHE POWEROF ALL-WHEEL DRIVE. ,59,6
28b455751eabbf79d899fc9a4c6f151e, ,2,0
045a67d8bbba2805d2e421bc5b83d775,THEBOTANIST  %°ISLAY DRY GIN ,30,4
adunit-engagement-plus-ihop-evergreen-olo-drag-right-mpu,"a ;lHOP NGOForget something?Come finishpancaking.20% off your first onlineorder, no minimumUse code: IHOP20 e=   ",114,14
3c383647c107f40ba222bcddd47d3d1b,Adludio ,9,1
0b1ee11406e97cc6fb4229deeb19e6b7,VLRer LMvon ee nbTILE BTTONG ,30,5
e656e46e3a4dc66fc0baa433c94bfd1a,OvexusL/CERTIFIED BY LEXUSTAP THE SCREENto find the nearest Lexus dealership(iF,80,10
fef95c5e1ee5bc235b56d7c508d3bcd0,OvexusL/CERTIFIED BY LEXUSTAP THE SCREENto find the nearest Lexus dealership(iF,80,10
75e9bf718c93754ae33314a92db613dd,    SPACES OBESP uaag yZE   LEARN MORE    ,43,6
3d18cfe28f2fbadff32db07a2132e12c,UTS ,5,1
471b3c709ca35b4765c096beb835bcc3, aE Sai]Pee TEAS BF >Crs Ea Ge,31,7
5c58461a764afd15c527c9c8b3a054b2,OvexusL/CERTIFIED BY LEXUSTAP THE SCREENto find the nearest Lexus dealership ,78,10
ae30ff3cae1f369954f5e91499b9e515,"IHOPIHOPPYHOURS5 Menu($6 in some locations)2-10PM Every day Find Nearest LocationFora limited time. Hous of avait and pri, paticpation and selection may vary by location.“Tax and gratuity excluded, Not valid wit other discounts, coupons or ofr, Pies may vary in Aska andHawai. PEPSI and th Pepsi lobe ae regSsteredtrademarsof PepsiCo, Inc",339,50
df89c44299ec66120e89ab1d1296c26f,OvexusL/CERTIFIED BY LEXUSTAP THE SCREENto find the nearest Lexus dealership(iF,80,10
877843b799b1b074584fc22f9157f447, TAP AND HOLDee is eeeMATURE OF THE MOONaemoon rFALEL ,55,9
eab4ad84efa8e1c830ff47d6e8ad4379,OvexusL/CERTIFIED BY LEXUSTAP THE SCREENto find the nearest Lexus dealership(iF,80,10
9155a2e9b6ccf3449b2403031ed99468, ,2,0
495fb61f38dd39cd7fba4bb81af6c8f5,OvexusL/CERTIFIED BY LEXUSTAP THE SCREENto find the nearest Lexus dealership(iF,80,10
bd312b97d9d646bcd3263809be428f5e,"eB PlayStation.   JBe NA ns NN TU es HRN VT Te No) -aW aU TMTN“PLAYSTATION”, “PLAYSTATION”, EL LOGOTIPO DE FIGURAS DE “PLAYSTATION” Y “PLAY HAS)NO LIMITS"" SON MARCAS COMERCIALES REGISTRADAS O MARCAS COMERCIALES DE SONYINTERACTIVE ENTERTAINMENT INC-TODOS LOS JUEGOS MOSTRADOS SON PROPIEDADCOMERCIAL O PROPIEDAD PROTEGIDA BAJO DERECHOS DE AUTOR DE SUS RESPECTIVOS.SU ble) Sp om UE pales (a7",389,58
caf88bb6688890e82c30fb408ec4e76f,     TOQUEPARA VERAVANGAR E MELHORARA VIDA DAS PESSOAS,55,7
015f38df736f5a9498b18a1d12170187,A hulu oriciNnaALSOLARSeenNr aecul ZMARCH 26   FOR A SNEAK PEEK OFSEASON 2,75,12
23bd30ca17aae979afebc6f4e5f1fdd3,OvexusL/CERTIFIED BY LEXUSTAP THE SCREENto find the nearest Lexus dealership ,78,10
f033db746b20e747ee528caa07f0b2de,"ae Wellaae""500038DAE tM a Pa |  © PAM ee smeDLL ERR BRAS ERP BB (TGS) SIR BR eB ha Fe (ER) PRD HReT eeeTES ? BSB OTE |",119,28
28c3515061ccebd5a08a954a584623e1,La \ natu |PRATE. | OFEERIS | weerFRSA | OFCE eeey | ,54,12
e37596726bbaf0321aed953b6f8e1be7,OvexusL/CERTIFIED BY LEXUSTAP THE SCREENto find the nearest Lexus dealership ,78,10
bcc5ae4665b6b8c2ff25dfdc65fbc65a,"GECEB Uma Maximize your adventures withclass-leading cabin comfort, 4-seatversatility, and unmatched power",107,12
09d86d1539357a20fd04a53d000e8471,OvexusL/CERTIFIED BY LEXUSTAP THE SCREENto find the nearest Lexus dealership ,78,10
3ee05bbb667222104101da1831329c3c,amazoniinee)MifGaT aa AST S ara HTT A wer Gat ikea & SSAret,60,12
3a6d279abd87aadd09f950bcb123e358, ,2,0
52054fa91799a747b8ddf3f3118f40e9,"THE , ! jpl Lsbele [Uetam Aas",30,7
02335ed7fbc9fd8ec1505d30a7d385ba,OvexusL/CERTIFIED BY LEXUSTAP THE SCREENto find the nearest Lexus dealership ,78,10
5793a8d614757c76e8fcb904f943e586,AMERICAN UNDERDOGSWIPE UPSOR aaa ,34,4
adunit-ihop-ihoppy-hour-20-percent-off-mpu, IHOpYH20% OFFYOUR CHECK4-10pm only            Get Coupon eal Dine-in only. Requires coupon. See coupolt,105,13
da2b42ad2deaf5a4f7f3604e0e5038e1,OvexusL/CERTIFIED BY LEXUSTAP THE SCREENto find the nearest Lexus dealership(iF,80,10
98555b9df18ae8d010794161505020dd,OvexusL/CERTIFIED BY LEXUSTAP THE SCREENto find the nearest Lexus dealership(iF,80,10
90455f5ace15860874965eabd081b6f2,MTree Tare MUO MCsET Cee |uaeut Bal ace)Ac kee edoTirLEARN MORE,64,11
b973c711c94c3261f51e002b853be33d,OvexusL/CERTIFIED BY LEXUSTAP THE SCREENto find the nearest Lexus dealership(iF,80,10
624c1fc48eda8c49a470567317891825,OvexusL/CERTIFIED BY LEXUSTAP THE SCREENto find the nearest Lexus dealership(iF,80,10
6e526502767454c66cc93a391846bebd,Boy 200s FONeA ABY 5 =fPAI IK leBre) F) moa45 para easya fe) moll ii Piratiniva |,82,17
2407dd6a760fb8ea2054a251cdb5b907,Taek)DOT   Discover at our Duty Free:Only intended for adult smokers.,70,10
adunit-ihop-ihoppy-hour-20-percent-off-mob, lHOpp OFF») CHECK  Dine-in only. Requires coupon. See coupon for terms and conditions.  ,90,13
bdc1911c958ee9f1d54097420bc0088d,OvexusL/CERTIFIED BY LEXUSTAP THE SCREENto find the nearest Lexus dealership(iF,80,10
2287637d5dbfb7cc45fb816157a412fa, ETF PLY,9,2
92ecf0b80b7483c89eb72a551484970a,OvexusL/CERTIFIED BY LEXUSTAP THE SCREENto find the nearest Lexus dealership(iF,80,10
afacaf5b3063c23f8231cc01be74aa1d,OvexusL/CERTIFIED BY LEXUSTAP THE SCREENto find the nearest Lexus dealership(iF,80,10
4332420a9acfddfe6dedfe9b0646afd6,OvexusL/CERTIFIED BY LEXUSTAP THE SCREENto find the nearest Lexus dealership(iF,80,10
dd43631ca1bf97d6c4966780b1f13a87, SWIPE LEFTjasc iil ttesmccRw ,31,4
f398e921861a533315cd9e1085e2059c,OvexusL/CERTIFIED BY LEXUSTAP THE SCREENto find the nearest Lexus dealership(iF,80,10
f125ec6ad94bd7b93c1502fb7e16e2ba, CANSWIPE UPTO SEE HOW DREAMS BECOME DESTINY ,46,7
af2eecc9194b8e3596bdb9d669f61715,)evs Your Heart!” Max power and capability meetsultimate style and comfort withbest-in-class power deliveryRESERVE YOURS,121,15
8091002d3367a188f845f2c9fcdbadea,OvexusL/CERTIFIED BY LEXUSTAP THE SCREENto find the nearest Lexus dealership(iF,80,10
3a462469eef8972bc33e93d3b9402fda,_Hydralyte _Discoveryour Pre aNey 1QTap tolearn moreEO 'Discover your Pee IQ: Take our quiz,92,14
265680a6c85f2381bb49965579b0fd89,"    En savoir plus©2021 Mattel. ©2021 SEKKOIA. SCRABBLE™ and SCRABBLE tiles,including S1 tiles, are trademarks of MattelON eae emote conn aa oeMOEA anté pratiquez une activité physique rég   ",192,27
049b5c09f2fc9c009cc3e7bc6e95be90,OvexusL/CERTIFIED BY LEXUSTAP THE SCREENto find the nearest Lexus dealership ,78,10
6a8e741867d4f893afad015b77b52c39,OvexusL/CERTIFIED BY LEXUSTAP THE SCREENto find the nearest Lexus dealership(iF,80,10
783719d2b23ee967711abba9de4e7884,OvexusL/CERTIFIED BY LEXUSTAP THE SCREENto find the nearest Lexus dealership ,78,10
f88e2c7f24b2bcd83044f2ccfdef79c4,LTH ,5,1
919ef5d6de221daf94537e4d87e98859,"simple feastTAP & HOLD THE SCREENto start feasting with locally sourced,plant-based meal kits ",95,13
e300993c699d98ef0d6d574b043b65cc,"Van Cleef & Arpels A journey through the Poetry of TimeFebruary 12 to 20 | Sands Expo, Hall BBOOK YOUR VISIT",109,21
adunit-engagement-plus-ihop-evergreen-olo-drag-right-mob,F ;lHOP NGOForget something?to come finish pancaking.   ,57,7
8c0f5a32827b9e60dbd30b77178fe184,OvexusL/CERTIFIED BY LEXUSTAP THE SCREENto find the nearest Lexus dealership(iF,80,10
de74397f972d47d2c078b44807974532,SAMSUNGKeep that epic goingeven at nightTap to discover the new Galaxy $21 FE 5G,81,14
459c60702cfaae32207a161b693df47c,UTS ,5,1
090f9075627a9543f171041a644d8af9, ,2,0
05fa49d47b280182d4684b9f3358ded4,WestfieldFORUM DES HALLESSACKTOGETHERBalayez votre écran pour commencer votre shopping*Tous réunis,99,10
06162b54235c76bfc73c297dd000614a,"anAi Nias""LE MALE LE PARFUM"" me icicr",38,7
7feef5faff5461ca47f061ed5efbccf5,OvexusL/CERTIFIED BY LEXUSTAP THE SCREENto find the nearest Lexus dealership(iF,80,10
4b537aac6575e7528140fc388f1349ca,  3k ProvidencenageHveCTETA = aST aA aaDOM erm eee Wren (al a  ,64,11
4a626b2e90bd71acc2ef014c7e1123c7,OvexusL/CERTIFIED BY LEXUSTAP THE SCREENto find the nearest Lexus dealership(iF,80,10
974199c136ccbd972ae2fd4714e453f5,EeRevs yourHeatTAP TO RESERVEyour Wolverine RMAX2 1000for your next off-road adventureCaS aed ,95,12
2a25b8b900eeb431fc7627a231bbc562,Discoveryour Nee aNPlee) IQ ~~lelearn moreeDiscover your Pee IQ: Take our quizDee Rad eee ec ageFE uo Se LS SM Ue ooou,119,22
adunit-yamaha-x2-sensory-plus-mpu,SeCEST aL Max power and capability meetsultimatestyle and comfort withbest-in-class power delivery ,100,12
68c52769f63d072ef64e0dde04ed5ff0,| KFC |Ada ed tsaaU a a   ,27,7
65299151bf4cbd1825d28e4a43d113ac, ,2,0
299eff884b51e6894dbd307f0a2a6554, ,2,0
3a78fb0ee7c6e7fa0101fe1d6f49de29,WestfieldFORUM DES HALLESSACKTOGETHERBalayez votre écran pour commencer votre shopping*Tous réunis,99,10
9d0bbd449e1c907e9f554bb9df1c4a10,)evs YourHearl’TAP TO RESERVEyour Wolverine RMAX2 1000for your next off-road adventure ,88,11
9e3c7a3de86bb8857dd3f822bc951a59,OvexusL/CERTIFIED BY LEXUSTAP THE SCREENto find the nearest Lexus dealership(iF,80,10
9751f5044f0e9ef8e21661bf28c3d88f, ETF PLY,9,2
79bb17ace9de9ef7def221cc38b50c0c,   Find out more,17,3
3c162d32bb9bce8199f44c665b20977d, ,2,0
9931c8470e7412c45c890f4f7c59c1f4,GUCCIOuverture Of SomethingThat Never EndedaNSwipe up to discover,66,8
74e0cd47380d7a41f96f5ca4ba214a8f, ,2,0
ee11627c036ee9772446b6e3ac9da649, LEXUS ALL-WHEEL DRIVENOW AVAILABLE ATYOUR DENVER DEALERSHIP.BUILD YOUR LEXUS,78,9
753b879a06a0f89feaa3928f37d4c6fe,SWEETKeep that epic goingeven at night Tap to discoverthe new Galaxy S21 FE 5G,79,14
24400997671ee80961dfe1ef30072499,"WesthieldFORUM DES HALESeA4MAGIQUE & UNIQUECOME reref,|aRETROUVEZ NOUS“Se Retrouvent",85,8
45bc44f6b1529331c282ba1f72e13b3c,UT #y ,7,2
b58ae8eb1017e252ce37c29226411489,     é CRYSTAL- . -«,21,4
cd8d3632d222fd9e87e32c9d0ecafdea,OvexusL/CERTIFIED BY LEXUSTAP THE SCREENto find the nearest Lexus dealership(iF,80,10
73501a5fc5b60fea475b301aae4a3731,CR rR CRC ne OCR a ectedMICHAEL KEATON = MAGGIEQ ano SAMUEL L. JACKSON ,72,14
7110d440d9d424eec0ddb5f114058c06,OvexusL/CERTIFIED BY LEXUSTAP THE SCREENto find the nearest Lexus dealership ,78,10
c486723bb2d768d24036054973b1cebc,OvexusL/CERTIFIED BY LEXUSTAP THE SCREENto find the nearest Lexus dealership(iF,80,10
2a6bbf47edb9f1cb3a722784c5e73e83,ILLUMINATION exesereDes figurines 4 assemblerpour s’éclater !¥ Paet hed  En savoir plusDurée limitée. 1 jouet ou 1 livre par Happy Meal™. ©UCSLLC,146,22
2681e9a5eb126e75959f33a477964544, CHANELFINE JEWELLERY,22,2
b1e8cf36fefced5b9f20d291026b06db,OvexusL/CERTIFIED BY LEXUSTAP THE SCREENto find the nearest Lexus dealership(iF,80,10
5cd2c1fa13b9cd4862f79304e5ca19cc,OvexusL/CERTIFIED BY LEXUSTAP THE SCREENto find the nearest Lexus dealership ,78,10
3f749b8fd9e49bca68b5fdc0ca391cd8,,1,0
09f35af0a30b37dce2f1a5ad7f143293,NRefMeeraei ene esilntemalttenat ©  ,37,4
3a63ee9cd0c128a7e97a7620a82b3678,OvexusL/CERTIFIED BY LEXUSTAP THE SCREENto find the nearest Lexus dealership(iF,80,10
b768aedc20d9c135b355b7cd8e8beff3,POA greenWx MotorEnergy:All the way towind-down time. ,55,7
83952985710c8e1646ac09269938e730,te NBEARABLE WEIGHTA}     74 : fh i ahI aWih yTO FEEL THECAGE-SURGENCE ~ of,76,14
0a59be2e7dd53d6de11a10ce3649c081,OvexusL/CERTIFIED BY LEXUSTAP THE SCREENto find the nearest Lexus dealership(iF,80,10
fe116dea417bfe1b97e0b2dcf846c25d,OvexusL/CERTIFIED BY LEXUSTAP THE SCREENto find the nearest Lexus dealership(iF,80,10
3e9add27f21781f8a3c227f5b9a1da31,"Van Cleef & ArpelsHaute Joaillerie, place Vend6me since 1906 y eer seethe butterfly danceSUCH A LOVELY SPRING",110,17
025bf4faf2102b1376bddee41dc7948e,PHILIPSinnovation you Learn more,33,4
79c36d2adb94900291f5ddf1f6580c43, ,2,0
0792c911c288bd241c1e2a2b64bce488,Love them back ™Vidal   ,25,4
6befe54086758294b47addf0c12052a7,Ea ep UPAsae |ies tea“eB Soar        ee eo .ee Schroders,57,10
3ef8b18ef78ad050d1a76b801d97a08c,OvexusL/CERTIFIED BY LEXUSTAP THE SCREENto find the nearest Lexus dealership(iF,80,10
c706a9ad6b0c2ee9295fe40dfa5b0615,egetTAP AND HOLDee) 24m ae,27,5
d9211cc52590fe62718030dbc1a9389a, CANSWIPE UPTO SEE HOW DREAMS BECOME DESTINY ,46,7
adunit-ihop-windows3-2021-mob,  HEPRIGHT ABOUT NOW Find an IHOP Near You   ,46,8
f6c6774bb267182cf248fd64a5b25b59,  INTRODUCINGRALPH LAURENTHE STIRRUP EYEWEAR COLLECTION   TAP TO PLAYAND DISCOVER THE STIRRUPEYEWEAR COLLECTION  ,114,12
c01e7ce76419925187c593ba3ecb9f46,CR rR CRC ne OCR a ectedMICHAEL KEATON = MAGGIEQ ano SAMUEL L. JACKSON ,72,14
fe1cc47f2e46f29607046541f8418275,OvexusL/CERTIFIED BY LEXUSTAP THE SCREENto find the nearest Lexus dealership ,78,10
92a1ef3b78f2b21068f8e1da4025e239,OvexusL/CERTIFIED BY LEXUSTAP THE SCREENto find the nearest Lexus dealership ,78,10
2adefe98452f112060fe28e98f7a2c46,THEBOTANIST  %°ISLAY DRY GIN ,30,4
bb631902fce625cf0dc87d80c027c905,DESLIZA HACIA ABAJOCada movimiento es crucial ,47,6
d1e28a38a4e871527e62543540d0e7a7,way ,5,1
3c23316180b7da3e712c0596fa01ff74, ,2,0
fb755cbcc0e9b7069382745e6841f2ba, ie A@| *T&Cs apply.,21,4
c004ede9dbeaf07289dff53dfaa0cd9e, ,2,0
b68a3a78534ac964f4eddfb8d767bbe0, CANSWIPE UPTO SEE HOW DREAMS BECOME DESTINY ,46,7
459a8be7fbd64cc4719d79b6054de037,OvexusL/CERTIFIED BY LEXUSTAP THE SCREENto find the nearest Lexus dealership(iF,80,10
3cea7861b4a43a0695ae177cf0829267," TAP TO RESERVEyour Wolverine RMAX4 1000for your next off-road PriseRe Ai, Ai =>RESERVE YOURS ",95,14
c2b3575ecfffe09f0f3b97a5883e6da6,OvexusL/CERTIFIED BY LEXUSTAP THE SCREENto find the nearest Lexus dealership(iF,80,10
e6e771ae6f00d0f2ada4d2280cfd7740,OvexusL/CERTIFIED BY LEXUSTAP THE SCREENto find the nearest Lexus dealership ,78,10
5dea9aa4ca7a1f9a0d65d85ebece9522, GENCESWIPE LEFT)TO FEEL ca i,30,5
0a18978cdc8b64f900b0db6a297eb99d,|   Lexis FeScrub the screenTo train for more experiences?,59,9
269d061e1b507338d8b4c69676f9ffa1,Luho fark ,11,2
4246216d92d4ceaf0580115dd775c2e2,OvexusL/CERTIFIED BY LEXUSTAP THE SCREENto find the nearest Lexus dealership(iF,80,10
c48014dd1774f0fc8dddf6c6cdcb337f, ,2,0
995eb7a981794358eaa84a46cde6c288,Be US foeiceny        % Toca para jugar,40,7
c176d5a3e27117bc90e3820434a024d9,dipcitttoBolDE J¥sSOScubriryDescubrg LAGOS Gde increibles juegos       ca de juegos varia segintiempo.,103,11
0a22f881b77f00220f2034c21a18b854,OvexusL/CERTIFIED BY LEXUSTAP THE SCREENto find the nearest Lexus dealership ,78,10
dba3929fad20b7650861f74a9414c043,"way”~CHEESECHELLA2? DISCOVERA FRESH, NEW PARTY",47,5
6c200017bb5cb921e59f6a6c09491ad5, ,2,0
39872cc99f017cc22001ee9498584e13,     bbe ed etSC idealpyrSchroders | oesroe te rey ESSsso ,59,9
64df515c2e4b954d029301fbc14db84a,OvexusL/CERTIFIED BY LEXUSTAP THE SCREENto find the nearest Lexus dealership(iF,80,10
ba62e65857faee399998f5d4dad7feaf,OvexusL/CERTIFIED BY LEXUSTAP THE SCREENto find the nearest Lexus dealership ,78,10
2aab06df5509c6727fd35c7344796eb1, >)al the tapeeet.boTake Commandof Your Space.,47,6
2845ecbabd12a9d2d17283664c06fa7d,Ema ry ca cenTAP AND HOLDTO SEE THE SEASON 3 TRAILER,53,11
016534141ab870fdbf1b9c163955924d,OvexusL/CERTIFIED BY LEXUSTAP THE SCREENto find the nearest Lexus dealership(iF,80,10
bf1f7af46eec0e92939a8b3ba51cbacd,UTS ,5,1
d217e3878a25f52d495d0c3eea30211a,ametHERMESPARIS ,17,1
3a3878c4fa9698438884f2288bdd1ea2,OvexusL/CERTIFIED BY LEXUSTAP THE SCREENto find the nearest Lexus dealership ,78,10
b12b03c2dec5e71fe630d3b06062982a,@ YAMAHA      <7) 5)—@ THE nase as aeto reserve your next Yamaha Super Sport YZF-R7FIND YOURSiP,96,16
6d72ce3e20781f20fb420b30d3dd8b0e,OvexusL/CERTIFIED BY LEXUSTAP THE SCREENto find the nearest Lexus dealership(iF,80,10
0aeb1ee8a72ad3c5566cf7a2885dc39b, ,2,0
4f23f2bdbb2c99b8d63bba659d22fe79,OvexusL/CERTIFIED BY LEXUSTAP THE SCREENto find the nearest Lexus dealership(iF,80,10
406833de6c44d0a19ab9db1559828563, CHANEL,8,1
4b17a1c22c7a81c721608629b84b8b80,OvexusL/CERTIFIED BY LEXUSTAP THE SCREENto find the nearest Lexus dealership ,78,10
3dbee69360ec8c331edd1ac47c4da0ec,OvexusL/CERTIFIED BY LEXUSTAP THE SCREENto find the nearest Lexus dealership(iF,80,10
4baa12ddba0c06b618225f8191a6d722,OvexusL/CERTIFIED BY LEXUSTAP THE SCREENto find the nearest Lexus dealership ,78,10
d250af845914563dc5e28699c19da043,ae—____ THE ALL-NEWSCALA AND KAMIQ.NOW IN SINGAPORE. aSKODA,60,8
29383bc5de5a62c642fb9434d71863e7,OvexusL/CERTIFIED BY LEXUSTAP THE SCREENto find the nearest Lexus dealership(iF,80,10
64beae61d488503fcd271af0ff3ea46a,OvexusL/CERTIFIED BY LEXUSTAP THE SCREENto find the nearest Lexus dealership ,78,10
c350b0acd9f7b128c5ba096863e5444b,OvexusL/CERTIFIED BY LEXUSTAP THE SCREENto find the nearest Lexus dealership ,78,10
ea140a50dd4921ef96e08552e6eb9cc7,,1,0
f50ff5f8d3f50ecaccadf63345ec16bc,  INTRODUCINGRALPH LAURENTHE STIRRUP EYEWEAR COLLECTION   TAP TO PLAYAND DISCOVER THE STIRRUPEYEWEAR COLLECTION  ,114,12
74858c868467c9f78a8989e87eb54c1c,DISCOVER A WORLD OFFUN AT WIMBLEDON’SVIRTUAL HILL!JOIN US NOW ,63,9
64a625126af2759b5e84aed912400e4f,Sa asdNo Ey i700 ,18,4
b0228441fb421b8c322d67a6746f5f3e,OvexusL/CERTIFIED BY LEXUSTAP THE SCREENto find the nearest Lexus dealership ,78,10
f722cbe03a320f89c6abdfd3fe796047,OvexusL/CERTIFIED BY LEXUSTAP THE SCREENto find the nearest Lexus dealership ,78,10
3a9208f5502fa4ad01ddf92a77a0e8a3, Ree Pe Sm eae rte ateerect anise,34,7
06615e719bb053415093a4572a1f1d31, ,2,0
cce594945c50492d887116e17ebd966f, SENSORY MOBILEADVERTISINGFIND OUT MOREThis is an adludio test unit,68,9
4b31e9f5af8d0a4bf2c565ffa8a43800,<@ YAMAHArevs Your Heart Veeto reserve your nextYamaha Super Sport YZF-R1 ,75,11
68d489e40aa39d4498507af1ccdf249a, LEXUS ALL-WHEEL DRIVENOW AVAILABLE ATYOUR DENVER DEALERSHIP.BUILD YOUR LEXUS,78,9
03f2fc9a332b87e896b2da508a061754,"[a @ | \ Jusau'd |i COT, |ceolsio| OFFEKISTe, | Diet \RN |aeaes sroeet ",72,14
bf16a83492d04640042f674af85d2aac,PEE TR i eaPTE nn me  ,23,6
be6513d80192c25426e5e8f24e6e4dea,OvexusL/CERTIFIED BY LEXUSTAP THE SCREENto find the nearest Lexus dealership(iF,80,10
cd586b24025b1349b9b79d2c944e3f18,OvexusL/CERTIFIED BY LEXUSTAP THE SCREENto find the nearest Lexus dealership(iF,80,10
4546fea5413797d10224198aaa34fe45, TAP AND HOLDee is eeeMATURE OF THE MOONaemoon rFALEL ,55,9
e334f7ef4caacc9552993029ad56a52b,OvexusL/CERTIFIED BY LEXUSTAP THE SCREENto find the nearest Lexus dealership(iF,80,10
f520edea9b83c22a1c82412fcaf9f0a3, AALL POINTS NORTH LODGEto find your way forward.with All Points North Lodge ,78,12
3fb5ad02f38444843e343df0b505841d,OvexusL/CERTIFIED BY LEXUSTAP THE SCREENto find the nearest Lexus dealership ,78,10
7ed73c1cc404f9956d26c5f58de72b2f,OvexusL/CERTIFIED BY LEXUSTAP THE SCREENto find the nearest Lexus dealership ,78,10
eb31bf1739ffa01b1d458fe2c610230a,  INTRODUCINGRALPH LAURENTHE STIRRUP EYEWEAR COLLECTION   TAP TO PLAYAND DISCOVER THE STIRRUPEYEWEAR COLLECTION  ,114,12
c5d9fdf57215e5dbec5cc42419090749, TAP AND HOLDee is eeeMATURE OF THE MOONaemoon rFALEL ,55,9
b3fd525be390ec4cbebdcbd225362f12, TO SEE THE REALNATURE OF THE MOONTAP AND HOLD %i -0 0 -p Fe —f-t t ,69,16
ed9fd46313a5bce5f00d5fd720e5880f, GENCESWIPE LEFT)TO FEEL ca i,30,5
258bf2e1c0ff55be0762ccab1c5b18db, TO SEE THE REALNATURE OF THE MOONTAP AND HOLD %i -0 0 -p Fe —f-t t ,69,16
db4c6d9a38437a0b76bb047ca37519d4,"nes meen i"" CN .~ >» PAIACIO:Soh oy) aNSs Aa >) a ie ceSr ite Smm, P28 ei fee Piratiah.weeso",93,20
c47a1785032e3bc12dc53dc97034dd33,aE Sti)FLEW TL TEAS BF >PS Esa escepa) ,40,8
3a5bb9945be02e4181eee1dec5c25edc,OvexusL/CERTIFIED BY LEXUSTAP THE SCREENto find the nearest Lexus dealership ,78,10
7fc571f85358c5d37efafde99b6896d7,OvexusL/CERTIFIED BY LEXUSTAP THE SCREENto find the nearest Lexus dealership ,78,10
fbb156a0dc35c2e9f126d5140ae6ea66,OvexusL/CERTIFIED BY LEXUSTAP THE SCREENto find the nearest Lexus dealership ,78,10
22d151fdc4f270e75bcf3729df08180f,SWIPE RIGHTand see why you can trust Nature Made See Legal,59,11
adunit-ihop-window4-reeses-mpu,          REESE’SPIECESPancakes 2This Halloweenseason at IHOPPerma grk and trade dre ,86,9
fdf622b95e3d532398921834f6bbfa38,OvexusL/CERTIFIED BY LEXUSTAP THE SCREENto find the nearest Lexus dealership ,78,10
7fdd8606604b4ab61563a88384188011,OvexusL/CERTIFIED BY LEXUSTAP THE SCREENto find the nearest Lexus dealership(iF,80,10
b046eee3c13e2f88aba3c40743093d13,OvexusL/CERTIFIED BY LEXUSTAP THE SCREENto find the nearest Lexus dealership(iF,80,10
d60dcbc971efa0b4c3cb76c245c35ced,—aT aacTO DISCOVER THE YAMAHA YZF-R7 ,38,6
5d8310907217d0f5385f765f133ad475,OvexusL/CERTIFIED BY LEXUSTAP THE SCREENto find the nearest Lexus dealership ,78,10
eabca629979238e5e3d65f6f4cd818fb,OvexusL/CERTIFIED BY LEXUSTAP THE SCREENto find the nearest Lexus dealership ,78,10
6c9f892bee893be71087c8300010d9a8,OvexusL/CERTIFIED BY LEXUSTAP THE SCREENto find the nearest Lexus dealership ,78,10
d3a2aee36af8bf076d1111a6115be31b,OvexusL/CERTIFIED BY LEXUSTAP THE SCREENto find the nearest Lexus dealership ,78,10
3f435a895024e81fd5126354c7972b0f, TAP TO RESERVEST eM Ma ace ee Pomefor your next off-road Pontia ,66,12
26a8b89687aab2fafd586a34fc86ed46,ElectrolyteEnergy Shop Now,27,3
eabf360c935e08b24f30c61519033f93,OvexusL/CERTIFIED BY LEXUSTAP THE SCREENto find the nearest Lexus dealership(iF,80,10
3ae630f06b5d395a7a0db157c2430093,OvexusL/CERTIFIED BY LEXUSTAP THE SCREENto find the nearest Lexus dealership(iF,80,10
96510a48f1e13c601687e80f5d60670b,"PART ILg © 2022 SONY INTERTACTIVE ENTERTANIMNET LLC, PROMOCION.\VALIDA DEL 23 DE MAYO AL 06 DE JUNIO O HASTA TERMINAREL STOCK EN LAS TIENDAS PARTICIPANTES. LAS PROMOCIONESY LAS CONDICIONES DE PAGO PUEDEN VARIAR POR TIENDA.IMAGENES DE REFERENCIA. LAS OFERTAS PUEDEN CAMBIARSIN PREVIO AVISO. LOS JUEGOS SON PROPIEDAD DE SUSRESPECTIVOS DUEMIOS.",342,50
2b5174ee56b69baabe7f799a9de52411,OvexusL/CERTIFIED BY LEXUSTAP THE SCREENto find the nearest Lexus dealership ,78,10
adunit-ihop-ihoppy-hour-no-offer-mob,Hop,4,1
3f08e75ebd9b0ca68ffd298893647a13,(a ed< WY 2Gf imCTE gUREN POUR DECOUVRIR CAPTAIN MORGAN BLACK SPICEDUABUS D’ALCOOL EST DANGEREUX POUR LA SANTE. A CONSOMMER AVEC MODERATION ,141,22
3dfba0efa433d3f1f248b373edc2b176,te NBEARABLE WEIGHTA}     74 : fh i ahI aWih yTO FEEL THECAGE-SURGENCE ~ of,76,14
4264eae0ad6e1cbcea3d73d88becb787,| oo.i EViesaaie ne)SKIN CAVIARNIGHTTIME OIL\S.aNane  alfe|eu  DISCOVER MORE  ,79,9
39869b76f24193f841d1f95442803be3,OvexusL/CERTIFIED BY LEXUSTAP THE SCREENto find the nearest Lexus dealership(iF,80,10
b429b231c4bcc785642a771a84b58eb2,OvexusL/CERTIFIED BY LEXUSTAP THE SCREENto find the nearest Lexus dealership(iF,80,10
bfbf7a2b7ac635e67877b1ab87fd6629,OvexusL/CERTIFIED BY LEXUSTAP THE SCREENto find the nearest Lexus dealership(iF,80,10
fac33ac29ac616dfa0053558c1a3c03c,OvexusL/CERTIFIED BY LEXUSTAP THE SCREENto find the nearest Lexus dealership(iF,80,10
248ad697696f5e5ef82b968bfe5480ba, at. ProvidenceWe see the life in you.  Tap & Holdto see what inspires us todeliver world-class health care  ,110,18
26891312da99dd6e651fd179d1ff0faf,ray& PlayStation.Store     ivi)   7Ae,38,4
945010afbf9a55bbdffcb0895f946155,OvexusL/CERTIFIED BY LEXUSTAP THE SCREENto find the nearest Lexus dealership(iF,80,10
4443d262f14a8d6d58655dcf2e8c4542, CHANEL,8,1
6a9230f97e1bf95266390f0f94c774dd,"Van Cleef & ArpelsHaute Joaillerie, place Vend6me since 1906<>SWIPE TO DISCOVER ",81,11
06262da6542114aaea8a611540a0ee5d,The AlhambraSeisSale TO eae » ,31,5
db69df88f5a7b1540d4ff829bffb97f9,,1,0
f5f846befe806be6021ff34f9fd60547," TAP TO RESERVEyour Wolverine RMAX4 1000for your next off-road PriseRe Ai, Ai =>RESERVE YOURS ",95,14
fae4bab75ff19f1246fb814deb4efd94,OvexusL/CERTIFIED BY LEXUSTAP THE SCREENto find the nearest Lexus dealership(iF,80,10
26e54c41e45e7bd0899b90fdacf124fd,     SWIPE UP. 3to test Cees =hulu_  ,38,6
3983cfed2def8feebc57bb6638cf49c8,OvexusL/CERTIFIED BY LEXUSTAP THE SCREENto find the nearest Lexus dealership(iF,80,10
3c5828449ad87b05b5dedf0b4787242a,OvexusL/CERTIFIED BY LEXUSTAP THE SCREENto find the nearest Lexus dealership(iF,80,10
75ada73f9b02a1f6e04f1bf69d5bd007,SIMULIFELIFE SIMULATOR GAMEDentist 4.‘e Salary: 80000.0 $Bd     it,67,8
c451990f363a5119a838d33acda877f1,SCRUB THE SCREENto reveal the IWC PortugieservIWCSCHAFFHAUSEN,62,7
b500b45f2e556f55a488bc21c045877f,ametHERMESPARIS ,17,1
07f93a53c25007301d276ec20e7be491,,1,0
6939c3f395fc2317da25fa5b19580c68,OvexusL/CERTIFIED BY LEXUSTAP THE SCREENto find the nearest Lexus dealership(iF,80,10
286ce285a3a28445c972ba9d09090937, ,2,0
6280249e98882910535061f21ae36875,ek : =~. TO STARTme SREAKFASTy; %got mk? =~  ,46,9
05dff647236dcc065f51eea259e8a120," This Holiday Season, the moreyou love him the bigger he gets.  CliffordWELLEVEThe Big Red Dogoo IN CINEMAS DEC 2  ",116,19
7e0b86cf99bbb9152f0d510d36f84f40,OvexusL/CERTIFIED BY LEXUSTAP THE SCREENto find the nearest Lexus dealership ,78,10
024df5698f28a46ebf4ac1ac5df2c202,SAMSUNGGalaxy Z Fold3 5GRees ,30,4
f4fc8ed9cf50e6f77bb14054b88ee2cd,OvexusL/CERTIFIED BY LEXUSTAP THE SCREENto find the nearest Lexus dealership(iF,80,10
3c5daf79e8097eae0956840826c90fcc,OvexusL/CERTIFIED BY LEXUSTAP THE SCREENto find the nearest Lexus dealership(iF,80,10
9d7dacc59d5bfde6cfaa17d2604ae9d5,     ,6,0
6e628eb5fafe4a43309363ef8e8efc12, . Find Your Caregee 7 -,25,6
c38c56f98c1db74d1f613ec31d8bcf75,mKi SEY ZtSov TRE NIA % 9LAL HeaanUF ae ,41,9
65d2519c16266cf9a3b1a8a3d2d82c99, ,2,0
03231e84227b5038d1ce9c302019da8c,OvexusL/CERTIFIED BY LEXUSTAP THE SCREENto find the nearest Lexus dealership(iF,80,10
79e5acae0b9e9789b90f0b362f449eb1,    Enjoy up to 10% off yourScotch-Brite®Scrub Dotspurchase on Shopee now.Hurry! Whilst stocks lasts,101,13
40a448ee93f85a6f94825b7afc1337b0,OvexusL/CERTIFIED BY LEXUSTAP THE SCREENto find the nearest Lexus dealership ,78,10
c21bfafc138cf023080098b0f7a439d0, LEXUS ALL-WHEEL DRIVENOW AVAILABLE ATYOUR DENVER DEALERSHIP.BUILD YOUR LEXUS,78,9
b25e2955ba18f9f0f63a3642abdee471,HERMES ,8,1
dbe499749ecc456991332fc5d847ad2e,OvexusL/CERTIFIED BY LEXUSTAP THE SCREENto find the nearest Lexus dealership ,78,10
f2aa99ddd5015647abc940e7d6695df2,OvexusL/CERTIFIED BY LEXUSTAP THE SCREENto find the nearest Lexus dealership(iF,80,10
e1abe0c4a3df40bbb0d35d089caa13a5,OvexusL/CERTIFIED BY LEXUSTAP THE SCREENto find the nearest Lexus dealership ,78,10
d93555b29bb180a19395c58cb97a5065,OvexusL/CERTIFIED BY LEXUSTAP THE SCREENto find the nearest Lexus dealership(iF,80,10
9e2b17d1c9addd70a9da0c72dfec0e3c,OvexusL/CERTIFIED BY LEXUSTAP THE SCREENto find the nearest Lexus dealership ,78,10
8a1a2fa030200a7087619144f042c2da,OvexusL/CERTIFIED BY LEXUSTAP THE SCREENto find the nearest Lexus dealership ,78,10
adunit-ihop-window4-scary-face-mpu,"  ""ePancakeKids 12 & UnderGet One FREEOct 29 » 7am-10pmDine-in only   ",71,10
ff72b5f704ef2a8fa05e5a7b350a1e8e,OvexusL/CERTIFIED BY LEXUSTAP THE SCREENto find the nearest Lexus dealership(iF,80,10
e1d358918210126d2348bb98e47dfa86,OvexusL/CERTIFIED BY LEXUSTAP THE SCREENto find the nearest Lexus dealership ,78,10
bab02408832fd896644462340d7bf479,OvexusL/CERTIFIED BY LEXUSTAP THE SCREENto find the nearest Lexus dealership(iF,80,10
4f435640fb278b789726bbcd47ce5daf,OvexusL/CERTIFIED BY LEXUSTAP THE SCREENto find the nearest Lexus dealership(iF,80,10
de22272cbb7ebe2622fa3b847330ccc6,OvexusL/CERTIFIED BY LEXUSTAP THE SCREENto find the nearest Lexus dealership ,78,10
71d0113ae02ccba7e3fd67f71baf2f2a, ,2,0
